Community,Size,TopProducts
0,759,WHITE HANGING HEART T-LIG | ASSORTED COLOUR BIRD ORNA | REX CASH+CARRY JUMBO SHOP | PAPER CHAIN KIT 50'S CHRI | VICTORIAN GLASS HANGING T
1,753,STRAWBERRY CERAMIC TRINKE | PACK OF 72 RETROSPOT CAKE | RETROSPOT TEA SET CERAMIC | BAKING SET 9 PIECE RETROS | LUNCH BAG RED RETROSPOT
2,461,REGENCY CAKESTAND 3 TIER | PARTY BUNTING | SET OF 3 CAKE TINS PANTRY | DOORMAT UNION FLAG | JAM MAKING SET WITH JARS
3,81,"GARLAND WOODEN HAPPY EAST | CREAM FELT EASTER EGG BAS | SPRING DEC , HANGING CHIC | WEEKEND BAG VINTAGE ROSE  | HEN HOUSE DECORATION"
4,59,GLASS  BEURRE DISH | GLASS APOTHECARY BOTTLE P | GLASS JAR DIGESTIVE BISCU | MAGNETS PACK OF 4 SWALLOW | GLASS JAR DAISY FRESH COT
5,54,BLUE PAISLEY JOURNAL  | BLUE PAISLEY POCKET BOOK | GARDEN PATH JOURNAL | ABSTRACT CIRCLE JOURNAL  | ASSORTED TUTTI FRUTTI PEN
6,47,SET 7 BABUSHKA NESTING BO | SET/6 PINK  BUTTERFLY T-L | GLITTER HANGING BUTTERFLY | MEASURING TAPE BABUSHKA R | BLACK LOVE BIRD T-LIGHT H
7,40,FAIRY CAKE FLANNEL ASSORT | S/4 VALENTINE DECOUPAGE H | SET OF 12 ROSE BOTANICAL  | RED FLOWER CROCHET FOOD C | 4 LILY  BOTANICAL DINNER 
8,28,COFFEE MUG CAT + BIRD DES | COFFEE MUG DOG + BALL DES | SILVER PLATE CANDLE BOWL  | SMALL SILVER TRELLIS CAND | PINK DOG BOWL
9,27,UNION STRIPE WITH FRINGE  | CHILDS GARDEN TROWEL BLUE | CHILDS GARDEN TROWEL PINK | CHILDS GARDEN FORK PINK | CHILDS GARDEN BRUSH BLUE
10,21,VINTAGE DOILY TRAVEL SEWI | EMBROIDERED RIBBON REEL E | EMBROIDERED RIBBON REEL R | EMBROIDERED RIBBON REEL S | EMBROIDERED RIBBON REEL S
11,13,BLUE EGG  SPOON | RED POLKADOT BEAKER  | RED  EGG  SPOON | RED PUDDING SPOON | BLUE PUDDING SPOON
12,12,SET OF 16 VINTAGE ROSE CU | SET OF 16 VINTAGE SKY BLU | SET OF 16 VINTAGE PISTACH | ENAMEL PINK COFFEE CONTAI | SET OF 16 VINTAGE BLACK C
13,10,DAIRY MAID LARGE MILK JUG | DAIRY MAID TRADITIONAL TE | DAIRY MAID CERAMIC BUTTER | DAIRY MAID SUGAR JAM BOWL | DAIRY MAID STRIPE MUG
14,10,NUMBER TILE COTTAGE GARDE | NUMBER TILE COTTAGE GARDE | NUMBER TILE COTTAGE GARDE | NUMBER TILE COTTAGE GARDE | NUMBER TILE COTTAGE GARDE
